{"intents": [
        {"tag": "greeting",
         "patterns": ["Hi there", "How are you", "Is anyone there?","Hey","Hola", "Hello", "Good day"],
         "responses": ["Hello, thanks for asking", "Good to see you again", "Hi there, how can I help?"],
         "context": [""]
        },
        {"tag": "goodbye",
         "patterns": ["Bye", "See you later", "Goodbye", "Nice chatting to you, bye", "Till next time"],
         "responses": ["See you!", "Have a nice day", "Bye! Come back again soon."],
         "context": [""]
        },
        {"tag": "thanks",
           "patterns": ["Thanks", "Thank you", "That's helpful", "Awesome, thanks", "Thanks for helping me"],
         "responses": ["Happy to help!", "Any time!", "My pleasure"],
         "context": [""]
        },
        {"tag": "noanswer",
         "patterns": [],
         "responses": ["Sorry, can't understand you", "Please give me more info", "Not sure I understand"],
         "context": [""]
        },
       {"tag": "banking",
         "patterns": ["internet banking","phone banking"],
         "responses": ["do you want to know about internet banking", "do you want to know about phone banking"],
         "context": [""]
        },
        {"tag": "internet",
         "patterns": ["yes internet banking","internet banking"],
         "responses": ["Online banking allows a user to conduct financial transactions via the Internet.", "Online banking is also known as Internet banking or web banking","Online banking offers customers almost every service traditionally available through a local branch including deposits, transfers, and online bill payments."],
         "context": [""]
         },
        {"tag": "phone",
         "patterns": ["yes phone banking","phone banking"],
         "responses": ["Telephone banking is a service provided by a bank or other financial institution, that enables customers to perform over the telephone a range of financial transactions which do not involve cash or Financial instruments, without the need to visit a bank branch"],
         "context": [""]
         }

   ]
}
